timestamp_s,demanded_current_A,vref_V
0,0.0,0.0
1,1.6,0.016
2,3.2,0.032
3,4.8,0.048
4,6.4,0.064
5,12.918,0.12918
6,11.816,0.11816
7,13.935,0.13935
8,11.673,0.11673
9,11.212,0.11212
10,11.839,0.11839
11,11.814,0.11814
12,11.438,0.11438
13,12.64,0.1264
14,12.743,0.12743
15,13.267,0.13267
16,20.396,0.20396
17,26.374,0.26374
18,29.086,0.29086
19,26.44,0.2644
20,20.406,0.20406
21,13.96,0.1396
22,11.112,0.11112
23,13.231,0.13231
24,20.282,0.20282
25,26.813,0.26813
26,29.4,0.294
27,26.237,0.26237
28,19.844,0.19844
29,13.145,0.13145
30,14.652,0.14652
31,20.954,0.20954
32,18.426,0.18426
33,11.315,0.11315
34,9.482,0.09482
35,15.337,0.15337
36,20.262,0.20262
37,18.34,0.1834
38,11.013,0.11013
39,9.167,0.09167
40,15.225,0.15225
41,20.749,0.20749
42,18.552,0.18552
43,11.107,0.11107
44,9.614,0.09614
45,15.199,0.15199
46,20.757,0.20757
47,18.276,0.18276
48,11.115,0.11115
49,9.354,0.09354
50,14.598,0.14598
51,21.126,0.21126
52,18.061,0.18061
53,11.305,0.11305
54,9.273,0.09273
55,15.303,0.15303
56,20.577,0.20577
57,18.849,0.18849
58,11.799,0.11799
59,9.047,0.09047
60,21.717,0.21717
61,28.563,0.28563
62,15.121,0.15121
63,21.694,0.21694
64,28.193,0.28193
65,14.386,0.14386
66,21.507,0.21507
67,29.543,0.29543
68,15.74,0.1574
69,21.476,0.21476
70,29.563,0.29563
71,15.548,0.15548
72,21.971,0.21971
73,28.701,0.28701
74,14.432,0.14432
75,22.453,0.22453
76,28.353,0.28353
77,15.041,0.15041
78,22.681,0.22681
79,29.23,0.2923
80,15.107,0.15107
81,21.322,0.21322
82,28.755,0.28755
83,15.225,0.15225
84,22.078,0.22078
85,29.49,0.2949
86,14.547,0.14547
87,22.521,0.22521
88,28.942,0.28942
89,14.857,0.14857
90,9.635,0.09635
91,13.518,0.13518
92,18.314,0.18314
93,19.034,0.19034
94,16.596,0.16596
95,11.793,0.11793
96,8.832,0.08832
97,10.12,0.1012
98,14.108,0.14108
99,17.577,0.17577
100,18.425,0.18425
101,16.05,0.1605
102,11.569,0.11569
103,9.501,0.09501
104,10.313,0.10313
105,14.352,0.14352
106,17.63,0.1763
107,18.891,0.18891
108,15.728,0.15728
109,11.609,0.11609
110,8.797,0.08797
111,9.793,0.09793
112,13.806,0.13806
113,17.717,0.17717
114,18.48,0.1848
115,16.034,0.16034
116,12.226,0.12226
117,9.545,0.09545
118,9.797,0.09797
119,13.908,0.13908
120,21.198,0.21198
121,30.0,0.3
122,21.556,0.21556
123,11.767,0.11767
124,20.817,0.20817
125,30.0,0.3
126,20.843,0.20843
127,11.671,0.11671
128,21.373,0.21373
129,29.401,0.29401
130,20.513,0.20513
131,12.127,0.12127
132,21.163,0.21163
133,29.954,0.29954
134,20.829,0.20829
135,12.026,0.12026
136,21.198,0.21198
137,29.704,0.29704
138,20.854,0.20854
139,12.383,0.12383
140,21.196,0.21196
141,30.0,0.3
142,20.959,0.20959
143,11.905,0.11905
144,20.84,0.2084
145,29.873,0.29873
146,20.652,0.20652
147,11.864,0.11864
148,21.211,0.21211
149,29.953,0.29953
150,9.738,0.09738
151,8.857,0.08857
152,10.041,0.10041
153,13.248,0.13248
154,15.551,0.15551
155,16.966,0.16966
156,16.235,0.16235
157,14.552,0.14552
158,11.542,0.11542
159,9.78,0.0978
160,8.885,0.08885
161,10.463,0.10463
162,12.919,0.12919
163,15.58,0.1558
164,16.65,0.1665
165,16.67,0.1667
166,14.622,0.14622
167,11.67,0.1167
168,9.592,0.09592
169,8.872,0.08872
170,10.275,0.10275
171,13.363,0.13363
172,15.742,0.15742
173,17.333,0.17333
174,16.112,0.16112
175,14.066,0.14066
176,11.959,0.11959
177,9.199,0.09199
178,9.063,0.09063
179,10.466,0.10466
180,12.373,0.12373
181,15.519,0.15519
182,15.241,0.15241
183,11.998,0.11998
184,8.594,0.08594
185,8.899,0.08899
186,11.737,0.11737
187,15.509,0.15509
188,15.387,0.15387
189,11.993,0.11993
190,8.525,0.08525
191,8.418,0.08418
192,12.38,0.1238
193,15.495,0.15495
194,15.156,0.15156
195,11.774,0.11774
196,8.183,0.08183
197,8.671,0.08671
198,11.639,0.11639
199,15.122,0.15122
200,15.318,0.15318
201,11.837,0.11837
202,8.386,0.08386
203,8.174,0.08174
204,12.021,0.12021
205,15.825,0.15825
206,15.262,0.15262
207,11.814,0.11814
208,8.464,0.08464
209,8.628,0.08628
210,12.758,0.12758
211,12.32,0.1232
212,10.013,0.10013
213,7.384,0.07384
214,6.683,0.06683
215,7.263,0.07263
216,9.584,0.09584
217,11.482,0.11482
218,12.1,0.121
219,11.471,0.11471
220,8.758,0.08758
221,6.843,0.06843
222,5.543,0.05543
223,6.339,0.06339
224,8.406,0.08406
225,10.591,0.10591
226,11.46,0.1146
227,10.344,0.10344
228,8.223,0.08223
229,5.988,0.05988
230,4.903,0.04903
231,6.024,0.06024
232,7.712,0.07712
233,9.976,0.09976
234,10.776,0.10776
235,9.33,0.0933
236,7.403,0.07403
237,5.3,0.053
238,4.416,0.04416
239,4.695,0.04695
240,6.257,0.06257
241,5.661,0.05661
242,5.965,0.05965
243,5.775,0.05775
244,5.842,0.05842
245,5.545,0.05545
246,5.393,0.05393
247,5.288,0.05288
248,5.203,0.05203
249,5.118,0.05118
250,5.474,0.05474
251,5.124,0.05124
252,5.173,0.05173
253,4.86,0.0486
254,4.63,0.0463
255,4.986,0.04986
256,4.956,0.04956
257,4.74,0.0474
258,4.713,0.04713
259,4.356,0.04356
260,4.268,0.04268
261,4.392,0.04392
262,4.245,0.04245
263,4.172,0.04172
264,4.015,0.04015
265,4.043,0.04043
266,4.178,0.04178
267,3.703,0.03703
268,4.01,0.0401
269,3.4,0.034
270,3.097,0.03097
271,2.718,0.02718
272,2.696,0.02696
273,2.503,0.02503
274,2.649,0.02649
275,2.353,0.02353
276,2.259,0.02259
277,2.427,0.02427
278,2.22,0.0222
279,2.184,0.02184
280,2.011,0.02011
281,1.756,0.01756
282,1.784,0.01784
283,1.645,0.01645
284,1.628,0.01628
285,1.537,0.01537
286,1.38,0.0138
287,1.139,0.01139
288,1.333,0.01333
289,0.948,0.00948
290,0.241,0.00241
291,0.238,0.00238
292,0.263,0.00263
293,0.222,0.00222
294,0.236,0.00236
295,0.278,0.00278
296,0.293,0.00293
297,0.275,0.00275
298,0.293,0.00293
299,0.202,0.00202
300,0.278,0.00278
